Country_Region,Language,Keyword,Category_Cluster,Search_Intent,Priority,Recommended_Blog_Topic
Global / US / UK / CA / AU,en,scribd downloader,Seed / Tool,Transactional,High,Scribd Downloader Free Tool
Global / US / UK / CA / AU,en,scribd to pdf,Seed / Tool,Transactional,High,Convert Scribd to PDF Free Online
Global / US / UK / CA / AU,en,download scribd documents,Seed / Core,Transactional,High,How to Download Scribd Documents as PDF
Global / US / UK / CA / AU,en,free scribd downloader,Seed / Tool,Transactional,High,Free Scribd Downloader Without Login
Global / US / UK / CA / AU,en,scribd downloader online,Seed / Tool,Transactional,High,Online Scribd Downloader Web App
Global / US / UK / CA / AU,en,scribd pdf download free,Seed / Core,Transactional,High,Scribd PDF Download Free Guide
Global / US / UK / CA / AU,en,download scribd without login,Core Benefit,Transactional,High,Download Scribd Without Account or Login
Global / US / UK / CA / AU,en,how to download scribd documents for free without account,How-To Guide,Informational,High,Complete Guide to Free Scribd Document Downloads
Global / US / UK / CA / AU,en,how to download from scribd without subscription,How-To Guide,Informational,High,How to Save Scribd Files Without Subscription
Global / US / UK / CA / AU,en,how to unblur scribd documents for free,Unblur / Bypass,Informational,High,How to Unblur & Read Scribd Documents for Free
Global / US / UK / CA / AU,en,read blurred text on scribd,Unblur / Bypass,Informational,High,How to Read Blurred or Locked Text on Scribd
Global / US / UK / CA / AU,en,how to unblur scribd inspect element,Unblur / Bypass,Informational,Medium,Can You Unblur Scribd with Inspect Element? Explained
Global / US / UK / CA / AU,en,download scribd presentation ppt slides pdf,Presentations / Slides,Informational,High,How to Download Scribd Slides and Presentations (PPT to PDF)
Global / US / UK / CA / AU,en,scribd slide deck to pdf,Presentations / Slides,Transactional,Medium,Convert Scribd Slide Decks to Clean PDF
Global / US / UK / CA / AU,en,how to save scribd research papers as pdf,Academic / Research,Informational,High,Reading and Saving Academic Research Papers from Scribd
Global / US / UK / CA / AU,en,download scribd research papers free,Academic / Research,Transactional,High,Academic Citations and Downloading Study Materials
Global / US / UK / CA / AU,en,how to download scribd documents on mobile,Mobile Guide,Informational,High,How to Download Scribd Documents on Android and iPhone
Global / US / UK / CA / AU,en,scribd downloader android apk without app,Mobile Guide,Informational,Medium,Download Scribd on Mobile Browser Without Installing Apps
Global / US / UK / CA / AU,en,download scribd on iphone safari,Mobile Guide,Informational,Medium,Saving Scribd PDFs to iPhone Files App
Global / US / UK / CA / AU,en,best docdownloader alternatives 2026,Competitor Alternative,Commercial Investigation,High,Top 5 DocDownloader Alternatives for Scribd in 2026
Global / US / UK / CA / AU,en,vdownloaders scribd alternative,Competitor Alternative,Commercial Investigation,Medium,Best Fast and Ad-Free VDownloaders Alternatives
Global / US / UK / CA / AU,en,docdownloader not working fix,Troubleshooting,Informational,High,What to Do When DocDownloader Fails or Is Down
Global / US / UK / CA / AU,en,scribd downloader chrome extension free,Extensions / Tools,Commercial Investigation,Medium,Best Scribd Downloader Chrome Extensions & Bookmarklets
Global / US / UK / CA / AU,en,is scribd downloader safe and legal,Legal & Safety,Informational,High,Is Using a Scribd Downloader Safe and Legal?
Global / US / UK / CA / AU,en,scribd free download trick 2026,Tips & Tricks,Informational,High,Tested Methods to Download Documents from Scribd
Global / US / UK / CA / AU,en,read scribd on kindle paperwhite,E-Readers,Informational,High,How to Read Scribd Documents on Amazon Kindle
Global / US / UK / CA / AU,en,convert scribd pdf to epub,E-Readers,Informational,Medium,Converting Scribd PDF Documents to EPUB Format
Global / US / UK / CA / AU,en,scribd pdf formatting issues fix,Troubleshooting,Informational,Medium,Fixing Scribd PDF Formatting and Missing Page Issues
Global / US / UK / CA / AU,en,preview scribd pdf before downloading,Safety / Quality,Informational,Medium,How to Inspect and Preview Scribd Documents Safely
Global / US / UK / CA / AU,en,download full scribd document without watermark,Quality / Features,Transactional,High,High-Resolution Clean Scribd PDF Downloads
Brazil / Portugal,br,baixar scribd,Seed / Tool,Transactional,High,Baixador de Scribd Online Grátis
Brazil / Portugal,br,como baixar do scribd,Seed / Core,Informational,High,Como Baixar Documentos do Scribd em PDF
Brazil / Portugal,br,scribd downloader gratis,Seed / Tool,Transactional,High,Scribd Downloader Grátis Sem Login
Brazil / Portugal,br,baixar scribd gratis pdf,Seed / Core,Transactional,High,Baixar Arquivos do Scribd em PDF Sem Assinatura
Brazil / Portugal,br,converter scribd em pdf,Seed / Core,Transactional,High,Converter Link do Scribd em Arquivo PDF
Brazil / Portugal,br,como baixar documentos do scribd de graca sem conta,How-To Guide,Informational,High,Passo a Passo: Baixar do Scribd Sem Criar Conta
Brazil / Portugal,br,como baixar arquivos do scribd sem pagar assinatura,How-To Guide,Informational,High,Como Salvar Documentos do Scribd Sem Assinatura
Brazil / Portugal,br,como desbloquear e ver texto borrado do scribd,Unblur / Bypass,Informational,High,Como Ver Texto Borrado e Desbloquear Páginas no Scribd
Brazil / Portugal,br,desproteger documento do scribd gratis,Unblur / Bypass,Informational,Medium,Como Visualizar Documentos Bloqueados no Scribd
Brazil / Portugal,br,como baixar slides e apresentacoes do scribd em pdf,Presentations / Slides,Informational,High,Como Baixar Slides e Apresentações do Scribd
Brazil / Portugal,br,como baixar do scribd pelo celular android e iphone,Mobile Guide,Informational,High,Como Baixar do Scribd no Celular (Android e iPhone)
Brazil / Portugal,br,melhores alternativas ao docdownloader brasil,Competitor Alternative,Commercial Investigation,High,Melhores Sites Alternativos ao DocDownloader no Brasil
Brazil / Portugal,br,baixar livros e apostilas do scribd sem cadastro,Academic / Research,Informational,High,Baixar Apostilas de Concurso e Artigos do Scribd
Brazil / Portugal,br,como ler documentos do scribd no kindle,E-Readers,Informational,High,Como Ler Documentos do Scribd no Kindle da Amazon
Brazil / Portugal,br,como visualizar um pdf antes de baixar com seguranca,Safety / Quality,Informational,Medium,Como Visualizar um PDF Antes de Baixar com Segurança
Brazil / Portugal,br,erro no link do scribd como resolver,Troubleshooting,Informational,Medium,Como Resolver Erros e Falhas ao Baixar do Scribd
Spain / Mexico / LATAM,es,descargar scribd gratis,Seed / Tool,Transactional,High,Descargador de Scribd Gratis en Línea
Spain / Mexico / LATAM,es,scribd downloader espanol,Seed / Tool,Transactional,High,Scribd Downloader en Español Sin Registro
Spain / Mexico / LATAM,es,descargar de scribd sin pagar,Seed / Core,Transactional,High,Cómo Descargar de Scribd Sin Pagar Suscripción
Spain / Mexico / LATAM,es,descargar documentos de scribd en pdf,Seed / Core,Transactional,High,Descargar Documentos de Scribd en PDF Fácil
Spain / Mexico / LATAM,es,convertir scribd a pdf gratis,Seed / Core,Transactional,High,Convertidor de Enlace de Scribd a PDF Limpio
Spain / Mexico / LATAM,es,bajar de scribd sin cuenta,Seed / Core,Transactional,High,Bajar Archivos de Scribd Sin Registro ni Cuenta
Spain / Mexico / LATAM,es,como descargar archivos de scribd gratis sin cuenta,How-To Guide,Informational,High,Guía Completa: Descargar Archivos de Scribd Gratis
Spain / Mexico / LATAM,es,como ver documentos de scribd borrosos gratis,Unblur / Bypass,Informational,High,Cómo Ver y Leer Documentos Borrosos en Scribd
Spain / Mexico / LATAM,es,truco para descargar de scribd gratis 2026,Tips & Tricks,Informational,High,Trucos Probados para Descargar de Scribd sin Pagar
Spain / Mexico / LATAM,es,descargar presentaciones y diapositivas de scribd a pdf,Presentations / Slides,Informational,High,Cómo Descargar Diapositivas y Presentaciones de Scribd
Spain / Mexico / LATAM,es,descargar scribd desde el movil celular android iphone,Mobile Guide,Informational,High,Cómo Descargar de Scribd en el Móvil (Android e iOS)
Spain / Mexico / LATAM,es,mejores alternativas a docdownloader y scribd downloader,Competitor Alternative,Commercial Investigation,High,Top 5 Alternativas a DocDownloader en 2026
Spain / Mexico / LATAM,es,como descargar libros completos de scribd en pdf,Academic / Research,Informational,High,Descargar Trabajos Universitarios y Libros de Scribd
Spain / Mexico / LATAM,es,como leer documentos de scribd en kindle,E-Readers,Informational,High,Cómo Leer Documentos de Scribd en Tu Kindle
Spain / Mexico / LATAM,es,como previsualizar un pdf antes de descargar,Safety / Quality,Informational,Medium,Cómo Previsualizar un PDF Antes de Descargar
Spain / Mexico / LATAM,es,por que no puedo descargar de scribd solucion,Troubleshooting,Informational,Medium,Solución de Errores al Descargar Documentos de Scribd
France / Canada / Belgium,fr,telecharger scribd gratuit,Seed / Tool,Transactional,High,Téléchargeur Scribd Gratuit en Ligne
France / Canada / Belgium,fr,telecharger document scribd en pdf,Seed / Core,Transactional,High,Télécharger des Documents Scribd en PDF Propre
France / Canada / Belgium,fr,scribd downloader gratuit sans compte,Seed / Tool,Transactional,High,Scribd Downloader Sans Inscription Ni Abonnement
France / Canada / Belgium,fr,convertir lien scribd en pdf,Seed / Core,Transactional,High,Convertir un Lien Scribd en Document PDF
France / Canada / Belgium,fr,comment telecharger sur scribd sans payer d abonnement,How-To Guide,Informational,High,Comment Télécharger sur Scribd Sans Payer
France / Canada / Belgium,fr,comment deflouter un document scribd gratuitement,Unblur / Bypass,Informational,High,Comment Déflouter un Document Scribd Gratuitement
France / Canada / Belgium,fr,telecharger un document scribd sans creer de compte,How-To Guide,Informational,High,Guide: Télécharger sans Compte Scribd
France / Canada / Belgium,fr,telecharger presentations et diaporamas scribd,Presentations / Slides,Informational,High,Télécharger Présentations et Diaporamas Scribd en PDF
France / Canada / Belgium,fr,telecharger sur scribd avec un telephone android iphone,Mobile Guide,Informational,High,Télécharger sur Scribd Depuis un Smartphone (Android/iOS)
France / Canada / Belgium,fr,meilleur telechargeur scribd en ligne alternatives,Competitor Alternative,Commercial Investigation,High,Meilleures Alternatives à DocDownloader et Scribd Downloader
France / Canada / Belgium,fr,comment lire des documents scribd sur kindle,E-Readers,Informational,High,Comment Lire des Documents Scribd sur Kindle
France / Canada / Belgium,fr,comment previsualiser un pdf avant de telecharger,Safety / Quality,Informational,Medium,Comment Prévisualiser un PDF Avant le Téléchargement
Germany / Austria / Switzerland,de,scribd kostenlos herunterladen,Seed / Tool,Transactional,High,Scribd Dokumente Kostenlos Herunterladen
Germany / Austria / Switzerland,de,scribd download ohne anmeldung,Seed / Core,Transactional,High,Scribd Download Ohne Anmeldung und Konto
Germany / Austria / Switzerland,de,scribd zu pdf konvertieren,Seed / Core,Transactional,High,Scribd Link zu PDF Kostenlos Konvertieren
Germany / Austria / Switzerland,de,scribd downloader online deutsch,Seed / Tool,Transactional,High,Scribd Downloader Deutsch Ohne Abo
Germany / Austria / Switzerland,de,wie kann man von scribd kostenlos dokumente herunterladen,How-To Guide,Informational,High,Anleitung: Dokumente von Scribd Gratis Downloaden
Germany / Austria / Switzerland,de,scribd verschwommenen text lesbar machen und freischalten,Unblur / Bypass,Informational,High,Scribd Verschwommenen Text Lesbar Machen
Germany / Austria / Switzerland,de,scribd prasentationen und folien als pdf herunterladen,Presentations / Slides,Informational,High,Scribd Präsentationen und Folien als PDF Speichern
Germany / Austria / Switzerland,de,scribd auf dem handy herunterladen android iphone,Mobile Guide,Informational,High,Scribd auf dem Smartphone Herunterladen (Android & iPhone)
Germany / Austria / Switzerland,de,docdownloader alternativen im vergleich 2026,Competitor Alternative,Commercial Investigation,High,Die Besten DocDownloader Alternativen 2026
Germany / Austria / Switzerland,de,scribd dokumente auf kindle lesen anleitung,E-Readers,Informational,High,Scribd-Dokumente auf dem Kindle Lesen
Germany / Austria / Switzerland,de,pdf vorschau vor dem herunterladen prufen,Safety / Quality,Informational,Medium,PDF-Vorschau vor dem Herunterladen Prüfen
Indonesia / Malaysia,id,cara download scribd gratis,Seed / Tool,Transactional,High,Cara Download Scribd Gratis Tanpa Bayar
Indonesia / Malaysia,id,download scribd tanpa login,Seed / Core,Transactional,High,Download Dokumen Scribd Tanpa Login & Akun
Indonesia / Malaysia,id,scribd downloader indonesia,Seed / Tool,Transactional,High,Scribd Downloader Online Bahasa Indonesia
Indonesia / Malaysia,id,download file scribd tanpa akun pdf,Seed / Core,Transactional,High,Download File Scribd Jadi PDF Bersih
Indonesia / Malaysia,id,ubah link scribd jadi pdf,Seed / Core,Transactional,High,Konversi Tautan Scribd Menjadi PDF Gratis
Indonesia / Malaysia,id,cara download dokumen scribd yang dikunci gratis,Unblur / Bypass,Informational,High,Cara Membuka Dokumen Scribd yang Terkunci / Diburamkan
Indonesia / Malaysia,id,cara melihat dokumen scribd yang diburamkan gratis,Unblur / Bypass,Informational,High,Cara Membaca Dokumen Blur di Scribd Tanpa Berlangganan
Indonesia / Malaysia,id,cara download ppt dan tugas kuliah dari scribd gratis,Presentations / Slides,Informational,High,Cara Download PPT dan Makalah Kuliah dari Scribd
Indonesia / Malaysia,id,cara download scribd di hp android iphone tanpa aplikasi,Mobile Guide,Informational,High,Cara Download Dokumen Scribd di HP Lewat Browser
Indonesia / Malaysia,id,situs download scribd selain docdownloader yang aktif,Competitor Alternative,Commercial Investigation,High,Daftar Situs Download Scribd Alternatif Selain DocDownloader
Indonesia / Malaysia,id,cara membaca dokumen scribd di kindle,E-Readers,Informational,High,Cara Membaca Dokumen Scribd di Kindle
Indonesia / Malaysia,id,cara melihat pratinjau pdf sebelum mengunduh,Safety / Quality,Informational,Medium,Cara Melihat Pratinjau PDF Sebelum Mengunduh
